episode,episode_reward,episode_len,success,collision,mean_dist,final_dist
1,-21.439670,135,0,1,5.217876,2.644762
2,-28.885485,1,0,1,10.752571,10.729384
3,-25.000346,500,0,0,10.078809,10.078879
4,31.546873,84,1,0,2.468539,0.469330
5,24.159018,182,1,0,4.420563,0.468887
6,-16.236027,19,0,1,10.746489,10.746188
7,-26.228872,156,0,1,6.690745,4.721833
8,-37.689325,448,0,1,11.738859,11.739184
9,-15.485399,4,0,1,11.866378,11.865924
10,-25.000009,500,0,0,5.978506,5.978507
